first_half_avg,second_half_avg,change,direction
-1.0,1.0,2.0,📈 Rising
0.0,1.0,1.0,📈 Rising
0.0,0.8333333333333334,0.83,📈 Rising
0.2,0.9642857142857143,0.76,📈 Rising
0.25,1.0,0.75,📈 Rising
0.5,1.0,0.5,📈 Rising
0.4,0.75,0.35,📈 Rising
0.6,0.8,0.2,📈 Rising
0.8879999999999999,1.0,0.11,📈 Rising
1.0,1.0,0.0,➡️ Stable
1.0,1.0,0.0,➡️ Stable
1.0,1.0,0.0,➡️ Stable
1.0,1.0,0.0,➡️ Stable
0.875,0.7766666666666667,-0.1,📉 Falling
0.6666666666666666,0.5,-0.17,📉 Falling
1.0,0.683,-0.32,📉 Falling
